Workbook

Sheet Info
A1: Ukázková data – výdeje léků pacientům, rok 2025
A3: Všechna data jsou smyšlená. Pacienti jsou jen pod anonymními ID, bez jmen.
A5: Listy:
A6: Léky – číselník 10 léků (ID, název, ATC kód, skupina, cena za balení)
A7: Pacienti – 60 pacientů (ID, pohlaví, rok narození, kraj, lékař, datum registrace)
A8: Výdeje – každý řádek = výdej léku pacientovi v daném měsíci; název a cena se dotahují vzorcem podle ID
A9: Přehled po měsících – počet balení a tržby podle léku a měsíce (vzorce SUMIFS)
A11: Modře jsou vstupní hodnoty, které můžete měnit (např. ceny). Černě jsou vzorce.
A12: Ceny jsou orientační a smyšlené, nejsou to skutečné ceny léků.

Sheet Přehled po měsících
A1: Počet vydaných balení
A2: Lék | B2: leden | C2: únor | D2: březen | E2: duben | F2: květen | G2: červen | H2: červenec | I2: srpen | J2: září | K2: říjen | L2: listopad | M2: prosinec | N2: Celkem
A3: =Léky!B2 -> Metformin 500 mg | B3: =SUMIFS(Výdeje!$F$2:$F$841,Výdeje!$C$2:$C$841,Léky!$A$2,Výdeje!$A$2:$A$841,DATE(2025,1,1)) -> 9 | C3: =SUMIFS(Výdeje!$F$2:$F$841,Výdeje!$C$2:$C$841,Léky!$A$2,Výdeje!$A$2:$A$841,DATE(2025,2,1)) -> 8 | D3: =SUMIFS(Výdeje!$F$2:$F$841,Výdeje!$C$2:$C$841,Léky!$A$2,Výdeje!$A$2:$A$841,DATE(2025,3,1)) -> 10 | E3: =SUMIFS(Výdeje!$F$2:$F$841,Výdeje!$C$2:$C$841,Léky!$A$2,Výdeje!$A$2:$A$841,DATE(2025,4,1)) -> 6 | F3: =SUMIFS(Výdeje!$F$2:$F$841,Výdeje!$C$2:$C$841,Léky!$A$2,Výdeje!$A$2:$A$841,DATE(2025,5,1)) -> 12 | G3: =SUMIFS(Výdeje!$F$2:$F$841,Výdeje!$C$2:$C$841,Léky!$A$2,Výdeje!$A$2:$A$841,DATE(2025,6,1)) -> 11 | H3: =SUMIFS(Výdeje!$F$2:$F$841,Výdeje!$C$2:$C$841,Léky!$A$2,Výdeje!$A$2:$A$841,DATE(2025,7,1)) -> 11 | I3: =SUMIFS(Výdeje!$F$2:$F$841,Výdeje!$C$2:$C$841,Léky!$A$2,Výdeje!$A$2:$A$841,DATE(2025,8,1)) -> 9 | J3: =SUMIFS(Výdeje!$F$2:$F$841,Výdeje!$C$2:$C$841,Léky!$A$2,Výdeje!$A$2:$A$841,DATE(2025,9,1)) -> 9 | K3: =SUMIFS(Výdeje!$F$2:$F$841,Výdeje!$C$2:$C$841,Léky!$A$2,Výdeje!$A$2:$A$841,DATE(2025,10,1)) -> 10 | L3: =SUMIFS(Výdeje!$F$2:$F$841,Výdeje!$C$2:$C$841,Léky!$A$2,Výdeje!$A$2:$A$841,DATE(2025,11,1)) -> 10 | M3: =SUMIFS(Výdeje!$F$2:$F$841,Výdeje!$C$2:$C$841,Léky!$A$2,Výdeje!$A$2:$A$841,DATE(2025,12,1)) -> 12 | N3: =SUM(B3:M3) -> 117
A4: =Léky!B3 -> Atorvastatin 20 mg | B4: =SUMIFS(Výdeje!$F$2:$F$841,Výdeje!$C$2:$C$841,Léky!$A$3,Výdeje!$A$2:$A$841,DATE(2025,1,1)) -> 3 | C4: =SUMIFS(Výdeje!$F$2:$F$841,Výdeje!$C$2:$C$841,Léky!$A$3,Výdeje!$A$2:$A$841,DATE(2025,2,1)) -> 3 | D4: =SUMIFS(Výdeje!$F$2:$F$841,Výdeje!$C$2:$C$841,Léky!$A$3,Výdeje!$A$2:$A$841,DATE(2025,3,1)) -> 3 | E4: =SUMIFS(Výdeje!$F$2:$F$841,Výdeje!$C$2:$C$841,Léky!$A$3,Výdeje!$A$2:$A$841,DATE(2025,4,1)) -> 4 | F4: =SUMIFS(Výdeje!$F$2:$F$841,Výdeje!$C$2:$C$841,Léky!$A$3,Výdeje!$A$2:$A$841,DATE(2025,5,1)) -> 4 | G4: =SUMIFS(Výdeje!$F$2:$F$841,Výdeje!$C$2:$C$841,Léky!$A$3,Výdeje!$A$2:$A$841,DATE(2025,6,1)) -> 4 | H4: =SUMIFS(Výdeje!$F$2:$F$841,Výdeje!$C$2:$C$841,Léky!$A$3,Výdeje!$A$2:$A$841,DATE(2025,7,1)) -> 5 | I4: =SUMIFS(Výdeje!$F$2:$F$841,Výdeje!$C$2:$C$841,Léky!$A$3,Výdeje!$A$2:$A$841,DATE(2025,8,1)) -> 5 | J4: =SUMIFS(Výdeje!$F$2:$F$841,Výdeje!$C$2:$C$841,Léky!$A$3,Výdeje!$A$2:$A$841,DATE(2025,9,1)) -> 6 | K4: =SUMIFS(Výdeje!$F$2:$F$841,Výdeje!$C$2:$C$841,Léky!$A$3,Výdeje!$A$2:$A$841,DATE(2025,10,1)) -> 5 | L4: =SUMIFS(Výdeje!$F$2:$F$841,Výdeje!$C$2:$C$841,Léky!$A$3,Výdeje!$A$2:$A$841,DATE(2025,11,1)) -> 5 | M4: =SUMIFS(Výdeje!$F$2:$F$841,Výdeje!$C$2:$C$841,Léky!$A$3,Výdeje!$A$2:$A$841,DATE(2025,12,1)) -> 5 | N4: =SUM(B4:M4) -> 52
A5: =Léky!B4 -> Amlodipin 5 mg | B5: =SUMIFS(Výdeje!$F$2:$F$841,Výdeje!$C$2:$C$841,Léky!$A$4,Výdeje!$A$2:$A$841,DATE(2025,1,1)) -> 10 | C5: =SUMIFS(Výdeje!$F$2:$F$841,Výdeje!$C$2:$C$841,Léky!$A$4,Výdeje!$A$2:$A$841,DATE(2025,2,1)) -> 10 | D5: =SUMIFS(Výdeje!$F$2:$F$841,Výdeje!$C$2:$C$841,Léky!$A$4,Výdeje!$A$2:$A$841,DATE(2025,3,1)) -> 10 | E5: =SUMIFS(Výdeje!$F$2:$F$841,Výdeje!$C$2:$C$841,Léky!$A$4,Výdeje!$A$2:$A$841,DATE(2025,4,1)) -> 11 | F5: =SUMIFS(Výdeje!$F$2:$F$841,Výdeje!$C$2:$C$841,Léky!$A$4,Výdeje!$A$2:$A$841,DATE(2025,5,1)) -> 10 | G5: =SUMIFS(Výdeje!$F$2:$F$841,Výdeje!$C$2:$C$841,Léky!$A$4,Výdeje!$A$2:$A$841,DATE(2025,6,1)) -> 10 | H5: =SUMIFS(Výdeje!$F$2:$F$841,Výdeje!$C$2:$C$841,Léky!$A$4,Výdeje!$A$2:$A$841,DATE(2025,7,1)) -> 12 | I5: =SUMIFS(Výdeje!$F$2:$F$841,Výdeje!$C$2:$C$841,Léky!$A$4,Výdeje!$A$2:$A$841,DATE(2025,8,1)) -> 13 | J5: =SUMIFS(Výdeje!$F$2:$F$841,Výdeje!$C$2:$C$841,Léky!$A$4,Výdeje!$A$2:$A$841,DATE(2025,9,1)) -> 11 | K5: =SUMIFS(Výdeje!$F$2:$F$841,Výdeje!$C$2:$C$841,Léky!$A$4,Výdeje!$A$2:$A$841,DATE(2025,10,1)) -> 13 | L5: =SUMIFS(Výdeje!$F$2:$F$841,Výdeje!$C$2:$C$841,Léky!$A$4,Výdeje!$A$2:$A$841,DATE(2025,11,1)) -> 11 | M5: =SUMIFS(Výdeje!$F$2:$F$841,Výdeje!$C$2:$C$841,Léky!$A$4,Výdeje!$A$2:$A$841,DATE(2025,12,1)) -> 13 | N5: =SUM(B5:M5) -> 134
A6: =Léky!B5 -> Ramipril 5 mg | B6: =SUMIFS(Výdeje!$F$2:$F$841,Výdeje!$C$2:$C$841,Léky!$A$5,Výdeje!$A$2:$A$841,DATE(2025,1,1)) -> 7 | C6: =SUMIFS(Výdeje!$F$2:$F$841,Výdeje!$C$2:$C$841,Léky!$A$5,Výdeje!$A$2:$A$841,DATE(2025,2,1)) -> 10 | D6: =SUMIFS(Výdeje!$F$2:$F$841,Výdeje!$C$2:$C$841,Léky!$A$5,Výdeje!$A$2:$A$841,DATE(2025,3,1)) -> 11 | E6: =SUMIFS(Výdeje!$F$2:$F$841,Výdeje!$C$2:$C$841,Léky!$A$5,Výdeje!$A$2:$A$841,DATE(2025,4,1)) -> 8 | F6: =SUMIFS(Výdeje!$F$2:$F$841,Výdeje!$C$2:$C$841,Léky!$A$5,Výdeje!$A$2:$A$841,DATE(2025,5,1)) -> 10 | G6: =SUMIFS(Výdeje!$F$2:$F$841,Výdeje!$C$2:$C$841,Léky!$A$5,Výdeje!$A$2:$A$841,DATE(2025,6,1)) -> 11 | H6: =SUMIFS(Výdeje!$F$2:$F$841,Výdeje!$C$2:$C$841,Léky!$A$5,Výdeje!$A$2:$A$841,DATE(2025,7,1)) -> 11 | I6: =SUMIFS(Výdeje!$F$2:$F$841,Výdeje!$C$2:$C$841,Léky!$A$5,Výdeje!$A$2:$A$841,DATE(2025,8,1)) -> 11 | J6: =SUMIFS(Výdeje!$F$2:$F$841,Výdeje!$C$2:$C$841,Léky!$A$5,Výdeje!$A$2:$A$841,DATE(2025,9,1)) -> 8 | K6: =SUMIFS(Výdeje!$F$2:$F$841,Výdeje!$C$2:$C$841,Léky!$A$5,Výdeje!$A$2:$A$841,DATE(2025,10,1)) -> 11 | L6: =SUMIFS(Výdeje!$F$2:$F$841,Výdeje!$C$2:$C$841,Léky!$A$5,Výdeje!$A$2:$A$841,DATE(2025,11,1)) -> 12 | M6: =SUMIFS(Výdeje!$F$2:$F$841,Výdeje!$C$2:$C$841,Léky!$A$5,Výdeje!$A$2:$A$841,DATE(2025,12,1)) -> 10 | N6: =SUM(B6:M6) -> 120
A7: =Léky!B6 -> Levothyroxin 50 µg | B7: =SUMIFS(Výdeje!$F$2:$F$841,Výdeje!$C$2:$C$841,Léky!$A$6,Výdeje!$A$2:$A$841,DATE(2025,1,1)) -> 7 | C7: =SUMIFS(Výdeje!$F$2:$F$841,Výdeje!$C$2:$C$841,Léky!$A$6,Výdeje!$A$2:$A$841,DATE(2025,2,1)) -> 8 | D7: =SUMIFS(Výdeje!$F$2:$F$841,Výdeje!$C$2:$C$841,Léky!$A$6,Výdeje!$A$2:$A$841,DATE(2025,3,1)) -> 8 | E7: =SUMIFS(Výdeje!$F$2:$F$841,Výdeje!$C$2:$C$841,Léky!$A$6,Výdeje!$A$2:$A$841,DATE(2025,4,1)) -> 8 | F7: =SUMIFS(Výdeje!$F$2:$F$841,Výdeje!$C$2:$C$841,Léky!$A$6,Výdeje!$A$2:$A$841,DATE(2025,5,1)) -> 8 | G7: =SUMIFS(Výdeje!$F$2:$F$841,Výdeje!$C$2:$C$841,Léky!$A$6,Výdeje!$A$2:$A$841,DATE(2025,6,1)) -> 10 | H7: =SUMIFS(Výdeje!$F$2:$F$841,Výdeje!$C$2:$C$841,Léky!$A$6,Výdeje!$A$2:$A$841,DATE(2025,7,1)) -> 9 | I7: =SUMIFS(Výdeje!$F$2:$F$841,Výdeje!$C$2:$C$841,Léky!$A$6,Výdeje!$A$2:$A$841,DATE(2025,8,1)) -> 11 | J7: =SUMIFS(Výdeje!$F$2:$F$841,Výdeje!$C$2:$C$841,Léky!$A$6,Výdeje!$A$2:$A$841,DATE(2025,9,1)) -> 11 | K7: =SUMIFS(Výdeje!$F$2:$F$841,Výdeje!$C$2:$C$841,Léky!$A$6,Výdeje!$A$2:$A$841,DATE(2025,10,1)) -> 10 | L7: =SUMIFS(Výdeje!$F$2:$F$841,Výdeje!$C$2:$C$841,Léky!$A$6,Výdeje!$A$2:$A$841,DATE(2025,11,1)) -> 10 | M7: =SUMIFS(Výdeje!$F$2:$F$841,Výdeje!$C$2:$C$841,Léky!$A$6,Výdeje!$A$2:$A$841,DATE(2025,12,1)) -> 7 | N7: =SUM(B7:M7) -> 107
A8: =Léky!B7 -> Omeprazol 20 mg | B8: =SUMIFS(Výdeje!$F$2:$F$841,Výdeje!$C$2:$C$841,Léky!$A$7,Výdeje!$A$2:$A$841,DATE(2025,1,1)) -> 9 | C8: =SUMIFS(Výdeje!$F$2:$F$841,Výdeje!$C$2:$C$841,Léky!$A$7,Výdeje!$A$2:$A$841,DATE(2025,2,1)) -> 9 | D8: =SUMIFS(Výdeje!$F$2:$F$841,Výdeje!$C$2:$C$841,Léky!$A$7,Výdeje!$A$2:$A$841,DATE(2025,3,1)) -> 9 | E8: =SUMIFS(Výdeje!$F$2:$F$841,Výdeje!$C$2:$C$841,Léky!$A$7,Výdeje!$A$2:$A$841,DATE(2025,4,1)) -> 9 | F8: =SUMIFS(Výdeje!$F$2:$F$841,Výdeje!$C$2:$C$841,Léky!$A$7,Výdeje!$A$2:$A$841,DATE(2025,5,1)) -> 8 | G8: =SUMIFS(Výdeje!$F$2:$F$841,Výdeje!$C$2:$C$841,Léky!$A$7,Výdeje!$A$2:$A$841,DATE(2025,6,1)) -> 9 | H8: =SUMIFS(Výdeje!$F$2:$F$841,Výdeje!$C$2:$C$841,Léky!$A$7,Výdeje!$A$2:$A$841,DATE(2025,7,1)) -> 10 | I8: =SUMIFS(Výdeje!$F$2:$F$841,Výdeje!$C$2:$C$841,Léky!$A$7,Výdeje!$A$2:$A$841,DATE(2025,8,1)) -> 11 | J8: =SUMIFS(Výdeje!$F$2:$F$841,Výdeje!$C$2:$C$841,Léky!$A$7,Výdeje!$A$2:$A$841,DATE(2025,9,1)) -> 10 | K8: =SUMIFS(Výdeje!$F$2:$F$841,Výdeje!$C$2:$C$841,Léky!$A$7,Výdeje!$A$2:$A$841,DATE(2025,10,1)) -> 10 | L8: =SUMIFS(Výdeje!$F$2:$F$841,Výdeje!$C$2:$C$841,Léky!$A$7,Výdeje!$A$2:$A$841,DATE(2025,11,1)) -> 10 | M8: =SUMIFS(Výdeje!$F$2:$F$841,Výdeje!$C$2:$C$841,Léky!$A$7,Výdeje!$A$2:$A$841,DATE(2025,12,1)) -> 11 | N8: =SUM(B8:M8) -> 115
A9: =Léky!B8 -> Sertralin 50 mg | B9: =SUMIFS(Výdeje!$F$2:$F$841,Výdeje!$C$2:$C$841,Léky!$A$8,Výdeje!$A$2:$A$841,DATE(2025,1,1)) -> 6 | C9: =SUMIFS(Výdeje!$F$2:$F$841,Výdeje!$C$2:$C$841,Léky!$A$8,Výdeje!$A$2:$A$841,DATE(2025,2,1)) -> 5 | D9: =SUMIFS(Výdeje!$F$2:$F$841,Výdeje!$C$2:$C$841,Léky!$A$8,Výdeje!$A$2:$A$841,DATE(2025,3,1)) -> 5 | E9: =SUMIFS(Výdeje!$F$2:$F$841,Výdeje!$C$2:$C$841,Léky!$A$8,Výdeje!$A$2:$A$841,DATE(2025,4,1)) -> 5 | F9: =SUMIFS(Výdeje!$F$2:$F$841,Výdeje!$C$2:$C$841,Léky!$A$8,Výdeje!$A$2:$A$841,DATE(2025,5,1)) -> 5 | G9: =SUMIFS(Výdeje!$F$2:$F$841,Výdeje!$C$2:$C$841,Léky!$A$8,Výdeje!$A$2:$A$841,DATE(2025,6,1)) -> 6 | H9: =SUMIFS(Výdeje!$F$2:$F$841,Výdeje!$C$2:$C$841,Léky!$A$8,Výdeje!$A$2:$A$841,DATE(2025,7,1)) -> 4 | I9: =SUMIFS(Výdeje!$F$2:$F$841,Výdeje!$C$2:$C$841,Léky!$A$8,Výdeje!$A$2:$A$841,DATE(2025,8,1)) -> 5 | J9: =SUMIFS(Výdeje!$F$2:$F$841,Výdeje!$C$2:$C$841,Léky!$A$8,Výdeje!$A$2:$A$841,DATE(2025,9,1)) -> 4 | K9: =SUMIFS(Výdeje!$F$2:$F$841,Výdeje!$C$2:$C$841,Léky!$A$8,Výdeje!$A$2:$A$841,DATE(2025,10,1)) -> 5 | L9: =SUMIFS(Výdeje!$F$2:$F$841,Výdeje!$C$2:$C$841,Léky!$A$8,Výdeje!$A$2:$A$841,DATE(2025,11,1)) -> 5 | M9: =SUMIFS(Výdeje!$F$2:$F$841,Výdeje!$C$2:$C$841,Léky!$A$8,Výdeje!$A$2:$A$841,DATE(2025,12,1)) -> 5 | N9: =SUM(B9:M9) -> 60
A10: =Léky!B9 -> Salbutamol inhalátor | B10: =SUMIFS(Výdeje!$F$2:$F$841,Výdeje!$C$2:$C$841,Léky!$A$9,Výdeje!$A$2:$A$841,DATE(2025,1,1)) -> 4 | C10: =SUMIFS(Výdeje!$F$2:$F$841,Výdeje!$C$2:$C$841,Léky!$A$9,Výdeje!$A$2:$A$841,DATE(2025,2,1)) -> 3 | D10: =SUMIFS(Výdeje!$F$2:$F$841,Výdeje!$C$2:$C$841,Léky!$A$9,Výdeje!$A$2:$A$841,DATE(2025,3,1)) -> 2 | E10: =SUMIFS(Výdeje!$F$2:$F$841,Výdeje!$C$2:$C$841,Léky!$A$9,Výdeje!$A$2:$A$841,DATE(2025,4,1)) -> 1 | F10: =SUMIFS(Výdeje!$F$2:$F$841,Výdeje!$C$2:$C$841,Léky!$A$9,Výdeje!$A$2:$A$841,DATE(2025,5,1)) -> 1 | G10: =SUMIFS(Výdeje!$F$2:$F$841,Výdeje!$C$2:$C$841,Léky!$A$9,Výdeje!$A$2:$A$841,DATE(2025,6,1)) -> 1 | H10: =SUMIFS(Výdeje!$F$2:$F$841,Výdeje!$C$2:$C$841,Léky!$A$9,Výdeje!$A$2:$A$841,DATE(2025,7,1)) -> 1 | I10: =SUMIFS(Výdeje!$F$2:$F$841,Výdeje!$C$2:$C$841,Léky!$A$9,Výdeje!$A$2:$A$841,DATE(2025,8,1)) -> 1 | J10: =SUMIFS(Výdeje!$F$2:$F$841,Výdeje!$C$2:$C$841,Léky!$A$9,Výdeje!$A$2:$A$841,DATE(2025,9,1)) -> 3 | K10: =SUMIFS(Výdeje!$F$2:$F$841,Výdeje!$C$2:$C$841,Léky!$A$9,Výdeje!$A$2:$A$841,DATE(2025,10,1)) -> 1 | L10: =SUMIFS(Výdeje!$F$2:$F$841,Výdeje!$C$2:$C$841,Léky!$A$9,Výdeje!$A$2:$A$841,DATE(2025,11,1)) -> 3 | M10: =SUMIFS(Výdeje!$F$2:$F$841,Výdeje!$C$2:$C$841,Léky!$A$9,Výdeje!$A$2:$A$841,DATE(2025,12,1)) -> 4 | N10: =SUM(B10:M10) -> 25
A11: =Léky!B10 -> Amoxicilin 500 mg | B11: =SUMIFS(Výdeje!$F$2:$F$841,Výdeje!$C$2:$C$841,Léky!$A$10,Výdeje!$A$2:$A$841,DATE(2025,1,1)) -> 10 | C11: =SUMIFS(Výdeje!$F$2:$F$841,Výdeje!$C$2:$C$841,Léky!$A$10,Výdeje!$A$2:$A$841,DATE(2025,2,1)) -> 6 | D11: =SUMIFS(Výdeje!$F$2:$F$841,Výdeje!$C$2:$C$841,Léky!$A$10,Výdeje!$A$2:$A$841,DATE(2025,3,1)) -> 15 | E11: =SUMIFS(Výdeje!$F$2:$F$841,Výdeje!$C$2:$C$841,Léky!$A$10,Výdeje!$A$2:$A$841,DATE(2025,4,1)) -> 6 | F11: =SUMIFS(Výdeje!$F$2:$F$841,Výdeje!$C$2:$C$841,Léky!$A$10,Výdeje!$A$2:$A$841,DATE(2025,5,1)) -> 5 | G11: =SUMIFS(Výdeje!$F$2:$F$841,Výdeje!$C$2:$C$841,Léky!$A$10,Výdeje!$A$2:$A$841,DATE(2025,6,1)) -> 2 | H11: =SUMIFS(Výdeje!$F$2:$F$841,Výdeje!$C$2:$C$841,Léky!$A$10,Výdeje!$A$2:$A$841,DATE(2025,7,1)) -> 4 | I11: =SUMIFS(Výdeje!$F$2:$F$841,Výdeje!$C$2:$C$841,Léky!$A$10,Výdeje!$A$2:$A$841,DATE(2025,8,1)) -> 1 | J11: =SUMIFS(Výdeje!$F$2:$F$841,Výdeje!$C$2:$C$841,Léky!$A$10,Výdeje!$A$2:$A$841,DATE(2025,9,1)) -> 8 | K11: =SUMIFS(Výdeje!$F$2:$F$841,Výdeje!$C$2:$C$841,Léky!$A$10,Výdeje!$A$2:$A$841,DATE(2025,10,1)) -> 11 | L11: =SUMIFS(Výdeje!$F$2:$F$841,Výdeje!$C$2:$C$841,Léky!$A$10,Výdeje!$A$2:$A$841,DATE(2025,11,1)) -> 9 | M11: =SUMIFS(Výdeje!$F$2:$F$841,Výdeje!$C$2:$C$841,Léky!$A$10,Výdeje!$A$2:$A$841,DATE(2025,12,1)) -> 9 | N11: =SUM(B11:M11) -> 86
A12: =Léky!B11 -> Ibuprofen 400 mg | B12: =SUMIFS(Výdeje!$F$2:$F$841,Výdeje!$C$2:$C$841,Léky!$A$11,Výdeje!$A$2:$A$841,DATE(2025,1,1)) -> 6 | C12: =SUMIFS(Výdeje!$F$2:$F$841,Výdeje!$C$2:$C$841,Léky!$A$11,Výdeje!$A$2:$A$841,DATE(2025,2,1)) -> 9 | D12: =SUMIFS(Výdeje!$F$2:$F$841,Výdeje!$C$2:$C$841,Léky!$A$11,Výdeje!$A$2:$A$841,DATE(2025,3,1)) -> 6 | E12: =SUMIFS(Výdeje!$F$2:$F$841,Výdeje!$C$2:$C$841,Léky!$A$11,Výdeje!$A$2:$A$841,DATE(2025,4,1)) -> 11 | F12: =SUMIFS(Výdeje!$F$2:$F$841,Výdeje!$C$2:$C$841,Léky!$A$11,Výdeje!$A$2:$A$841,DATE(2025,5,1)) -> 4 | G12: =SUMIFS(Výdeje!$F$2:$F$841,Výdeje!$C$2:$C$841,Léky!$A$11,Výdeje!$A$2:$A$841,DATE(2025,6,1)) -> 10 | H12: =SUMIFS(Výdeje!$F$2:$F$841,Výdeje!$C$2:$C$841,Léky!$A$11,Výdeje!$A$2:$A$841,DATE(2025,7,1)) -> 5 | I12: =SUMIFS(Výdeje!$F$2:$F$841,Výdeje!$C$2:$C$841,Léky!$A$11,Výdeje!$A$2:$A$841,DATE(2025,8,1)) -> 6 | J12: =SUMIFS(Výdeje!$F$2:$F$841,Výdeje!$C$2:$C$841,Léky!$A$11,Výdeje!$A$2:$A$841,DATE(2025,9,1)) -> 10 | K12: =SUMIFS(Výdeje!$F$2:$F$841,Výdeje!$C$2:$C$841,Léky!$A$11,Výdeje!$A$2:$A$841,DATE(2025,10,1)) -> 2 | L12: =SUMIFS(Výdeje!$F$2:$F$841,Výdeje!$C$2:$C$841,Léky!$A$11,Výdeje!$A$2:$A$841,DATE(2025,11,1)) -> 4 | M12: =SUMIFS(Výdeje!$F$2:$F$841,Výdeje!$C$2:$C$841,Léky!$A$11,Výdeje!$A$2:$A$841,DATE(2025,12,1)) -> 4 | N12: =SUM(B12:M12) -> 77
A13: Celkem | B13: =SUM(B3:B12) -> 71 | C13: =SUM(C3:C12) -> 71 | D13: =SUM(D3:D12) -> 79 | E13: =SUM(E3:E12) -> 69 | F13: =SUM(F3:F12) -> 67 | G13: =SUM(G3:G12) -> 74 | H13: =SUM(H3:H12) -> 72 | I13: =SUM(I3:I12) -> 73 | ... N13: =SUM(N3:N12) -> 893
A15: Tržby (Kč)
A16: Lék | B16: leden | C16: únor | D16: březen | E16: duben | F16: květen | G16: červen | H16: červenec | I16: srpen | J16: září | K16: říjen | L16: listopad | M16: prosinec | N16: Celkem
A17: =Léky!B2 -> Metformin 500 mg | B17: =SUMIFS(Výdeje!$H$2:$H$841,Výdeje!$C$2:$C$841,Léky!$A$2,Výdeje!$A$2:$A$841,DATE(2025,1,1)) -> 801 | C17: =SUMIFS(Výdeje!$H$2:$H$841,Výdeje!$C$2:$C$841,Léky!$A$2,Výdeje!$A$2:$A$841,DATE(2025,2,1)) -> 712 | D17: =SUMIFS(Výdeje!$H$2:$H$841,Výdeje!$C$2:$C$841,Léky!$A$2,Výdeje!$A$2:$A$841,DATE(2025,3,1)) -> 890 | E17: =SUMIFS(Výdeje!$H$2:$H$841,Výdeje!$C$2:$C$841,Léky!$A$2,Výdeje!$A$2:$A$841,DATE(2025,4,1)) -> 534 | F17: =SUMIFS(Výdeje!$H$2:$H$841,Výdeje!$C$2:$C$841,Léky!$A$2,Výdeje!$A$2:$A$841,DATE(2025,5,1)) -> 1068 | G17: =SUMIFS(Výdeje!$H$2:$H$841,Výdeje!$C$2:$C$841,Léky!$A$2,Výdeje!$A$2:$A$841,DATE(2025,6,1)) -> 979 | H17: =SUMIFS(Výdeje!$H$2:$H$841,Výdeje!$C$2:$C$841,Léky!$A$2,Výdeje!$A$2:$A$841,DATE(2025,7,1)) -> 979 | I17: =SUMIFS(Výdeje!$H$2:$H$841,Výdeje!$C$2:$C$841,Léky!$A$2,Výdeje!$A$2:$A$841,DATE(2025,8,1)) -> 801 | J17: =SUMIFS(Výdeje!$H$2:$H$841,Výdeje!$C$2:$C$841,Léky!$A$2,Výdeje!$A$2:$A$841,DATE(2025,9,1)) -> 801 | K17: =SUMIFS(Výdeje!$H$2:$H$841,Výdeje!$C$2:$C$841,Léky!$A$2,Výdeje!$A$2:$A$841,DATE(2025,10,1)) -> 890 | L17: =SUMIFS(Výdeje!$H$2:$H$841,Výdeje!$C$2:$C$841,Léky!$A$2,Výdeje!$A$2:$A$841,DATE(2025,11,1)) -> 890 | M17: =SUMIFS(Výdeje!$H$2:$H$841,Výdeje!$C$2:$C$841,Léky!$A$2,Výdeje!$A$2:$A$841,DATE(2025,12,1)) -> 1068 | N17: =SUM(B17:M17) -> 10413
A18: =Léky!B3 -> Atorvastatin 20 mg | B18: =SUMIFS(Výdeje!$H$2:$H$841,Výdeje!$C$2:$C$841,Léky!$A$3,Výdeje!$A$2:$A$841,DATE(2025,1,1)) -> 435 | C18: =SUMIFS(Výdeje!$H$2:$H$841,Výdeje!$C$2:$C$841,Léky!$A$3,Výdeje!$A$2:$A$841,DATE(2025,2,1)) -> 435 | D18: =SUMIFS(Výdeje!$H$2:$H$841,Výdeje!$C$2:$C$841,Léky!$A$3,Výdeje!$A$2:$A$841,DATE(2025,3,1)) -> 435 | E18: =SUMIFS(Výdeje!$H$2:$H$841,Výdeje!$C$2:$C$841,Léky!$A$3,Výdeje!$A$2:$A$841,DATE(2025,4,1)) -> 580 | F18: =SUMIFS(Výdeje!$H$2:$H$841,Výdeje!$C$2:$C$841,Léky!$A$3,Výdeje!$A$2:$A$841,DATE(2025,5,1)) -> 580 | G18: =SUMIFS(Výdeje!$H$2:$H$841,Výdeje!$C$2:$C$841,Léky!$A$3,Výdeje!$A$2:$A$841,DATE(2025,6,1)) -> 580 | H18: =SUMIFS(Výdeje!$H$2:$H$841,Výdeje!$C$2:$C$841,Léky!$A$3,Výdeje!$A$2:$A$841,DATE(2025,7,1)) -> 725 | I18: =SUMIFS(Výdeje!$H$2:$H$841,Výdeje!$C$2:$C$841,Léky!$A$3,Výdeje!$A$2:$A$841,DATE(2025,8,1)) -> 725 | J18: =SUMIFS(Výdeje!$H$2:$H$841,Výdeje!$C$2:$C$841,Léky!$A$3,Výdeje!$A$2:$A$841,DATE(2025,9,1)) -> 870 | K18: =SUMIFS(Výdeje!$H$2:$H$841,Výdeje!$C$2:$C$841,Léky!$A$3,Výdeje!$A$2:$A$841,DATE(2025,10,1)) -> 725 | L18: =SUMIFS(Výdeje!$H$2:$H$841,Výdeje!$C$2:$C$841,Léky!$A$3,Výdeje!$A$2:$A$841,DATE(2025,11,1)) -> 725 | M18: =SUMIFS(Výdeje!$H$2:$H$841,Výdeje!$C$2:$C$841,Léky!$A$3,Výdeje!$A$2:$A$841,DATE(2025,12,1)) -> 725 | N18: =SUM(B18:M18) -> 7540
A19: =Léky!B4 -> Amlodipin 5 mg | B19: =SUMIFS(Výdeje!$H$2:$H$841,Výdeje!$C$2:$C$841,Léky!$A$4,Výdeje!$A$2:$A$841,DATE(2025,1,1)) -> 720 | C19: =SUMIFS(Výdeje!$H$2:$H$841,Výdeje!$C$2:$C$841,Léky!$A$4,Výdeje!$A$2:$A$841,DATE(2025,2,1)) -> 720 | D19: =SUMIFS(Výdeje!$H$2:$H$841,Výdeje!$C$2:$C$841,Léky!$A$4,Výdeje!$A$2:$A$841,DATE(2025,3,1)) -> 720 | E19: =SUMIFS(Výdeje!$H$2:$H$841,Výdeje!$C$2:$C$841,Léky!$A$4,Výdeje!$A$2:$A$841,DATE(2025,4,1)) -> 792 | F19: =SUMIFS(Výdeje!$H$2:$H$841,Výdeje!$C$2:$C$841,Léky!$A$4,Výdeje!$A$2:$A$841,DATE(2025,5,1)) -> 720 | G19: =SUMIFS(Výdeje!$H$2:$H$841,Výdeje!$C$2:$C$841,Léky!$A$4,Výdeje!$A$2:$A$841,DATE(2025,6,1)) -> 720 | H19: =SUMIFS(Výdeje!$H$2:$H$841,Výdeje!$C$2:$C$841,Léky!$A$4,Výdeje!$A$2:$A$841,DATE(2025,7,1)) -> 864 | I19: =SUMIFS(Výdeje!$H$2:$H$841,Výdeje!$C$2:$C$841,Léky!$A$4,Výdeje!$A$2:$A$841,DATE(2025,8,1)) -> 936 | J19: =SUMIFS(Výdeje!$H$2:$H$841,Výdeje!$C$2:$C$841,Léky!$A$4,Výdeje!$A$2:$A$841,DATE(2025,9,1)) -> 792 | K19: =SUMIFS(Výdeje!$H$2:$H$841,Výdeje!$C$2:$C$841,Léky!$A$4,Výdeje!$A$2:$A$841,DATE(2025,10,1)) -> 936 | L19: =SUMIFS(Výdeje!$H$2:$H$841,Výdeje!$C$2:$C$841,Léky!$A$4,Výdeje!$A$2:$A$841,DATE(2025,11,1)) -> 792 | M19: =SUMIFS(Výdeje!$H$2:$H$841,Výdeje!$C$2:$C$841,Léky!$A$4,Výdeje!$A$2:$A$841,DATE(2025,12,1)) -> 936 | N19: =SUM(B19:M19) -> 9648
A20: =Léky!B5 -> Ramipril 5 mg | B20: =SUMIFS(Výdeje!$H$2:$H$841,Výdeje!$C$2:$C$841,Léky!$A$5,Výdeje!$A$2:$A$841,DATE(2025,1,1)) -> 686 | C20: =SUMIFS(Výdeje!$H$2:$H$841,Výdeje!$C$2:$C$841,Léky!$A$5,Výdeje!$A$2:$A$841,DATE(2025,2,1)) -> 980 | D20: =SUMIFS(Výdeje!$H$2:$H$841,Výdeje!$C$2:$C$841,Léky!$A$5,Výdeje!$A$2:$A$841,DATE(2025,3,1)) -> 1078 | E20: =SUMIFS(Výdeje!$H$2:$H$841,Výdeje!$C$2:$C$841,Léky!$A$5,Výdeje!$A$2:$A$841,DATE(2025,4,1)) -> 784 | F20: =SUMIFS(Výdeje!$H$2:$H$841,Výdeje!$C$2:$C$841,Léky!$A$5,Výdeje!$A$2:$A$841,DATE(2025,5,1)) -> 980 | G20: =SUMIFS(Výdeje!$H$2:$H$841,Výdeje!$C$2:$C$841,Léky!$A$5,Výdeje!$A$2:$A$841,DATE(2025,6,1)) -> 1078 | H20: =SUMIFS(Výdeje!$H$2:$H$841,Výdeje!$C$2:$C$841,Léky!$A$5,Výdeje!$A$2:$A$841,DATE(2025,7,1)) -> 1078 | I20: =SUMIFS(Výdeje!$H$2:$H$841,Výdeje!$C$2:$C$841,Léky!$A$5,Výdeje!$A$2:$A$841,DATE(2025,8,1)) -> 1078 | J20: =SUMIFS(Výdeje!$H$2:$H$841,Výdeje!$C$2:$C$841,Léky!$A$5,Výdeje!$A$2:$A$841,DATE(2025,9,1)) -> 784 | K20: =SUMIFS(Výdeje!$H$2:$H$841,Výdeje!$C$2:$C$841,Léky!$A$5,Výdeje!$A$2:$A$841,DATE(2025,10,1)) -> 1078 | L20: =SUMIFS(Výdeje!$H$2:$H$841,Výdeje!$C$2:$C$841,Léky!$A$5,Výdeje!$A$2:$A$841,DATE(2025,11,1)) -> 1176 | M20: =SUMIFS(Výdeje!$H$2:$H$841,Výdeje!$C$2:$C$841,Léky!$A$5,Výdeje!$A$2:$A$841,DATE(2025,12,1)) -> 980 | N20: =SUM(B20:M20) -> 11760
A21: =Léky!B6 -> Levothyroxin 50 µg | B21: =SUMIFS(Výdeje!$H$2:$H$841,Výdeje!$C$2:$C$841,Léky!$A$6,Výdeje!$A$2:$A$841,DATE(2025,1,1)) -> 826 | C21: =SUMIFS(Výdeje!$H$2:$H$841,Výdeje!$C$2:$C$841,Léky!$A$6,Výdeje!$A$2:$A$841,DATE(2025,2,1)) -> 944 | D21: =SUMIFS(Výdeje!$H$2:$H$841,Výdeje!$C$2:$C$841,Léky!$A$6,Výdeje!$A$2:$A$841,DATE(2025,3,1)) -> 944 | E21: =SUMIFS(Výdeje!$H$2:$H$841,Výdeje!$C$2:$C$841,Léky!$A$6,Výdeje!$A$2:$A$841,DATE(2025,4,1)) -> 944 | F21: =SUMIFS(Výdeje!$H$2:$H$841,Výdeje!$C$2:$C$841,Léky!$A$6,Výdeje!$A$2:$A$841,DATE(2025,5,1)) -> 944 | G21: =SUMIFS(Výdeje!$H$2:$H$841,Výdeje!$C$2:$C$841,Léky!$A$6,Výdeje!$A$2:$A$841,DATE(2025,6,1)) -> 1180 | H21: =SUMIFS(Výdeje!$H$2:$H$841,Výdeje!$C$2:$C$841,Léky!$A$6,Výdeje!$A$2:$A$841,DATE(2025,7,1)) -> 1062 | I21: =SUMIFS(Výdeje!$H$2:$H$841,Výdeje!$C$2:$C$841,Léky!$A$6,Výdeje!$A$2:$A$841,DATE(2025,8,1)) -> 1298 | J21: =SUMIFS(Výdeje!$H$2:$H$841,Výdeje!$C$2:$C$841,Léky!$A$6,Výdeje!$A$2:$A$841,DATE(2025,9,1)) -> 1298 | K21: =SUMIFS(Výdeje!$H$2:$H$841,Výdeje!$C$2:$C$841,Léky!$A$6,Výdeje!$A$2:$A$841,DATE(2025,10,1)) -> 1180 | L21: =SUMIFS(Výdeje!$H$2:$H$841,Výdeje!$C$2:$C$841,Léky!$A$6,Výdeje!$A$2:$A$841,DATE(2025,11,1)) -> 1180 | M21: =SUMIFS(Výdeje!$H$2:$H$841,Výdeje!$C$2:$C$841,Léky!$A$6,Výdeje!$A$2:$A$841,DATE(2025,12,1)) -> 826 | N21: =SUM(B21:M21) -> 12626
A22: =Léky!B7 -> Omeprazol 20 mg | B22: =SUMIFS(Výdeje!$H$2:$H$841,Výdeje!$C$2:$C$841,Léky!$A$7,Výdeje!$A$2:$A$841,DATE(2025,1,1)) -> 1215 | C22: =SUMIFS(Výdeje!$H$2:$H$841,Výdeje!$C$2:$C$841,Léky!$A$7,Výdeje!$A$2:$A$841,DATE(2025,2,1)) -> 1215 | D22: =SUMIFS(Výdeje!$H$2:$H$841,Výdeje!$C$2:$C$841,Léky!$A$7,Výdeje!$A$2:$A$841,DATE(2025,3,1)) -> 1215 | E22: =SUMIFS(Výdeje!$H$2:$H$841,Výdeje!$C$2:$C$841,Léky!$A$7,Výdeje!$A$2:$A$841,DATE(2025,4,1)) -> 1215 | F22: =SUMIFS(Výdeje!$H$2:$H$841,Výdeje!$C$2:$C$841,Léky!$A$7,Výdeje!$A$2:$A$841,DATE(2025,5,1)) -> 1080 | G22: =SUMIFS(Výdeje!$H$2:$H$841,Výdeje!$C$2:$C$841,Léky!$A$7,Výdeje!$A$2:$A$841,DATE(2025,6,1)) -> 1215 | H22: =SUMIFS(Výdeje!$H$2:$H$841,Výdeje!$C$2:$C$841,Léky!$A$7,Výdeje!$A$2:$A$841,DATE(2025,7,1)) -> 1350 | I22: =SUMIFS(Výdeje!$H$2:$H$841,Výdeje!$C$2:$C$841,Léky!$A$7,Výdeje!$A$2:$A$841,DATE(2025,8,1)) -> 1485 | J22: =SUMIFS(Výdeje!$H$2:$H$841,Výdeje!$C$2:$C$841,Léky!$A$7,Výdeje!$A$2:$A$841,DATE(2025,9,1)) -> 1350 | K22: =SUMIFS(Výdeje!$H$2:$H$841,Výdeje!$C$2:$C$841,Léky!$A$7,Výdeje!$A$2:$A$841,DATE(2025,10,1)) -> 1350 | L22: =SUMIFS(Výdeje!$H$2:$H$841,Výdeje!$C$2:$C$841,Léky!$A$7,Výdeje!$A$2:$A$841,DATE(2025,11,1)) -> 1350 | M22: =SUMIFS(Výdeje!$H$2:$H$841,Výdeje!$C$2:$C$841,Léky!$A$7,Výdeje!$A$2:$A$841,DATE(2025,12,1)) -> 1485 | N22: =SUM(B22:M22) -> 15525
A23: =Léky!B8 -> Sertralin 50 mg | B23: =SUMIFS(Výdeje!$H$2:$H$841,Výdeje!$C$2:$C$841,Léky!$A$8,Výdeje!$A$2:$A$841,DATE(2025,1,1)) -> 1260 | C23: =SUMIFS(Výdeje!$H$2:$H$841,Výdeje!$C$2:$C$841,Léky!$A$8,Výdeje!$A$2:$A$841,DATE(2025,2,1)) -> 1050 | D23: =SUMIFS(Výdeje!$H$2:$H$841,Výdeje!$C$2:$C$841,Léky!$A$8,Výdeje!$A$2:$A$841,DATE(2025,3,1)) -> 1050 | E23: =SUMIFS(Výdeje!$H$2:$H$841,Výdeje!$C$2:$C$841,Léky!$A$8,Výdeje!$A$2:$A$841,DATE(2025,4,1)) -> 1050 | F23: =SUMIFS(Výdeje!$H$2:$H$841,Výdeje!$C$2:$C$841,Léky!$A$8,Výdeje!$A$2:$A$841,DATE(2025,5,1)) -> 1050 | G23: =SUMIFS(Výdeje!$H$2:$H$841,Výdeje!$C$2:$C$841,Léky!$A$8,Výdeje!$A$2:$A$841,DATE(2025,6,1)) -> 1260 | H23: =SUMIFS(Výdeje!$H$2:$H$841,Výdeje!$C$2:$C$841,Léky!$A$8,Výdeje!$A$2:$A$841,DATE(2025,7,1)) -> 840 | I23: =SUMIFS(Výdeje!$H$2:$H$841,Výdeje!$C$2:$C$841,Léky!$A$8,Výdeje!$A$2:$A$841,DATE(2025,8,1)) -> 1050 | J23: =SUMIFS(Výdeje!$H$2:$H$841,Výdeje!$C$2:$C$841,Léky!$A$8,Výdeje!$A$2:$A$841,DATE(2025,9,1)) -> 840 | K23: =SUMIFS(Výdeje!$H$2:$H$841,Výdeje!$C$2:$C$841,Léky!$A$8,Výdeje!$A$2:$A$841,DATE(2025,10,1)) -> 1050 | L23: =SUMIFS(Výdeje!$H$2:$H$841,Výdeje!$C$2:$C$841,Léky!$A$8,Výdeje!$A$2:$A$841,DATE(2025,11,1)) -> 1050 | M23: =SUMIFS(Výdeje!$H$2:$H$841,Výdeje!$C$2:$C$841,Léky!$A$8,Výdeje!$A$2:$A$841,DATE(2025,12,1)) -> 1050 | N23: =SUM(B23:M23) -> 12600
A24: =Léky!B9 -> Salbutamol inhalátor | B24: =SUMIFS(Výdeje!$H$2:$H$841,Výdeje!$C$2:$C$841,Léky!$A$9,Výdeje!$A$2:$A$841,DATE(2025,1,1)) -> 660 | C24: =SUMIFS(Výdeje!$H$2:$H$841,Výdeje!$C$2:$C$841,Léky!$A$9,Výdeje!$A$2:$A$841,DATE(2025,2,1)) -> 495 | D24: =SUMIFS(Výdeje!$H$2:$H$841,Výdeje!$C$2:$C$841,Léky!$A$9,Výdeje!$A$2:$A$841,DATE(2025,3,1)) -> 330 | E24: =SUMIFS(Výdeje!$H$2:$H$841,Výdeje!$C$2:$C$841,Léky!$A$9,Výdeje!$A$2:$A$841,DATE(2025,4,1)) -> 165 | F24: =SUMIFS(Výdeje!$H$2:$H$841,Výdeje!$C$2:$C$841,Léky!$A$9,Výdeje!$A$2:$A$841,DATE(2025,5,1)) -> 165 | G24: =SUMIFS(Výdeje!$H$2:$H$841,Výdeje!$C$2:$C$841,Léky!$A$9,Výdeje!$A$2:$A$841,DATE(2025,6,1)) -> 165 | H24: =SUMIFS(Výdeje!$H$2:$H$841,Výdeje!$C$2:$C$841,Léky!$A$9,Výdeje!$A$2:$A$841,DATE(2025,7,1)) -> 165 | I24: =SUMIFS(Výdeje!$H$2:$H$841,Výdeje!$C$2:$C$841,Léky!$A$9,Výdeje!$A$2:$A$841,DATE(2025,8,1)) -> 165 | J24: =SUMIFS(Výdeje!$H$2:$H$841,Výdeje!$C$2:$C$841,Léky!$A$9,Výdeje!$A$2:$A$841,DATE(2025,9,1)) -> 495 | K24: =SUMIFS(Výdeje!$H$2:$H$841,Výdeje!$C$2:$C$841,Léky!$A$9,Výdeje!$A$2:$A$841,DATE(2025,10,1)) -> 165 | L24: =SUMIFS(Výdeje!$H$2:$H$841,Výdeje!$C$2:$C$841,Léky!$A$9,Výdeje!$A$2:$A$841,DATE(2025,11,1)) -> 495 | M24: =SUMIFS(Výdeje!$H$2:$H$841,Výdeje!$C$2:$C$841,Léky!$A$9,Výdeje!$A$2:$A$841,DATE(2025,12,1)) -> 660 | N24: =SUM(B24:M24) -> 4125
A25: =Léky!B10 -> Amoxicilin 500 mg | B25: =SUMIFS(Výdeje!$H$2:$H$841,Výdeje!$C$2:$C$841,Léky!$A$10,Výdeje!$A$2:$A$841,DATE(2025,1,1)) -> 1200 | C25: =SUMIFS(Výdeje!$H$2:$H$841,Výdeje!$C$2:$C$841,Léky!$A$10,Výdeje!$A$2:$A$841,DATE(2025,2,1)) -> 720 | D25: =SUMIFS(Výdeje!$H$2:$H$841,Výdeje!$C$2:$C$841,Léky!$A$10,Výdeje!$A$2:$A$841,DATE(2025,3,1)) -> 1800 | E25: =SUMIFS(Výdeje!$H$2:$H$841,Výdeje!$C$2:$C$841,Léky!$A$10,Výdeje!$A$2:$A$841,DATE(2025,4,1)) -> 720 | F25: =SUMIFS(Výdeje!$H$2:$H$841,Výdeje!$C$2:$C$841,Léky!$A$10,Výdeje!$A$2:$A$841,DATE(2025,5,1)) -> 600 | G25: =SUMIFS(Výdeje!$H$2:$H$841,Výdeje!$C$2:$C$841,Léky!$A$10,Výdeje!$A$2:$A$841,DATE(2025,6,1)) -> 240 | H25: =SUMIFS(Výdeje!$H$2:$H$841,Výdeje!$C$2:$C$841,Léky!$A$10,Výdeje!$A$2:$A$841,DATE(2025,7,1)) -> 480 | I25: =SUMIFS(Výdeje!$H$2:$H$841,Výdeje!$C$2:$C$841,Léky!$A$10,Výdeje!$A$2:$A$841,DATE(2025,8,1)) -> 120 | J25: =SUMIFS(Výdeje!$H$2:$H$841,Výdeje!$C$2:$C$841,Léky!$A$10,Výdeje!$A$2:$A$841,DATE(2025,9,1)) -> 960 | K25: =SUMIFS(Výdeje!$H$2:$H$841,Výdeje!$C$2:$C$841,Léky!$A$10,Výdeje!$A$2:$A$841,DATE(2025,10,1)) -> 1320 | L25: =SUMIFS(Výdeje!$H$2:$H$841,Výdeje!$C$2:$C$841,Léky!$A$10,Výdeje!$A$2:$A$841,DATE(2025,11,1)) -> 1080 | M25: =SUMIFS(Výdeje!$H$2:$H$841,Výdeje!$C$2:$C$841,Léky!$A$10,Výdeje!$A$2:$A$841,DATE(2025,12,1)) -> 1080 | N25: =SUM(B25:M25) -> 10320
A26: =Léky!B11 -> Ibuprofen 400 mg | B26: =SUMIFS(Výdeje!$H$2:$H$841,Výdeje!$C$2:$C$841,Léky!$A$11,Výdeje!$A$2:$A$841,DATE(2025,1,1)) -> 390 | C26: =SUMIFS(Výdeje!$H$2:$H$841,Výdeje!$C$2:$C$841,Léky!$A$11,Výdeje!$A$2:$A$841,DATE(2025,2,1)) -> 585 | D26: =SUMIFS(Výdeje!$H$2:$H$841,Výdeje!$C$2:$C$841,Léky!$A$11,Výdeje!$A$2:$A$841,DATE(2025,3,1)) -> 390 | E26: =SUMIFS(Výdeje!$H$2:$H$841,Výdeje!$C$2:$C$841,Léky!$A$11,Výdeje!$A$2:$A$841,DATE(2025,4,1)) -> 715 | F26: =SUMIFS(Výdeje!$H$2:$H$841,Výdeje!$C$2:$C$841,Léky!$A$11,Výdeje!$A$2:$A$841,DATE(2025,5,1)) -> 260 | G26: =SUMIFS(Výdeje!$H$2:$H$841,Výdeje!$C$2:$C$841,Léky!$A$11,Výdeje!$A$2:$A$841,DATE(2025,6,1)) -> 650 | H26: =SUMIFS(Výdeje!$H$2:$H$841,Výdeje!$C$2:$C$841,Léky!$A$11,Výdeje!$A$2:$A$841,DATE(2025,7,1)) -> 325 | I26: =SUMIFS(Výdeje!$H$2:$H$841,Výdeje!$C$2:$C$841,Léky!$A$11,Výdeje!$A$2:$A$841,DATE(2025,8,1)) -> 390 | J26: =SUMIFS(Výdeje!$H$2:$H$841,Výdeje!$C$2:$C$841,Léky!$A$11,Výdeje!$A$2:$A$841,DATE(2025,9,1)) -> 650 | K26: =SUMIFS(Výdeje!$H$2:$H$841,Výdeje!$C$2:$C$841,Léky!$A$11,Výdeje!$A$2:$A$841,DATE(2025,10,1)) -> 130 | L26: =SUMIFS(Výdeje!$H$2:$H$841,Výdeje!$C$2:$C$841,Léky!$A$11,Výdeje!$A$2:$A$841,DATE(2025,11,1)) -> 260 | M26: =SUMIFS(Výdeje!$H$2:$H$841,Výdeje!$C$2:$C$841,Léky!$A$11,Výdeje!$A$2:$A$841,DATE(2025,12,1)) -> 260 | N26: =SUM(B26:M26) -> 5005
A27: Celkem | B27: =SUM(B17:B26) -> 8193 | C27: =SUM(C17:C26) -> 7856 | D27: =SUM(D17:D26) -> 8852 | E27: =SUM(E17:E26) -> 7499 | F27: =SUM(F17:F26) -> 7447 | G27: =SUM(G17:G26) -> 8067 | H27: =SUM(H17:H26) -> 7868 | I27: =SUM(I17:I26) -> 8048 | ... N27: =SUM(N17:N26) -> 99562

Sheet Léky
A1: ID léku | B1: Název | C1: Účinná látka | D1: ATC kód | E1: Skupina | F1: Forma | G1: Balení | H1: Cena za balení (Kč) | I1: Typ užívání
A2: L01 | B2: Metformin 500 mg | C2: metformin | D2: A10BA02 | E2: Diabetes | F2: tablety | G2: 60 tbl | H2: 89 | I2: chronický
A3: L02 | B3: Atorvastatin 20 mg | C3: atorvastatin | D3: C10AA05 | E3: Cholesterol | F3: tablety | G3: 30 tbl | H3: 145 | I3: chronický
A4: L03 | B4: Amlodipin 5 mg | C4: amlodipin | D4: C08CA01 | E4: Krevní tlak | F4: tablety | G4: 30 tbl | H4: 72 | I4: chronický
A5: L04 | B5: Ramipril 5 mg | C5: ramipril | D5: C09AA05 | E5: Krevní tlak | F5: tablety | G5: 30 tbl | H5: 98 | I5: chronický
A6: L05 | B6: Levothyroxin 50 µg | C6: levothyroxin | D6: H03AA01 | E6: Štítná žláza | F6: tablety | G6: 100 tbl | H6: 118 | I6: chronický
A7: L06 | B7: Omeprazol 20 mg | C7: omeprazol | D7: A02BC01 | E7: Trávení | F7: tobolky | G7: 28 tob | H7: 135 | I7: chronický
A8: L07 | B8: Sertralin 50 mg | C8: sertralin | D8: N06AB06 | E8: Psychiatrie | F8: tablety | G8: 28 tbl | H8: 210 | I8: chronický
A9: L08 | B9: Salbutamol inhalátor | C9: salbutamol | D9: R03AC02 | E9: Dýchací cesty | F9: inhalátor | G9: 200 dávek | H9: 165 | I9: sezónní
A10: L09 | B10: Amoxicilin 500 mg | C10: amoxicilin | D10: J01CA04 | E10: Antibiotika | F10: tobolky | G10: 16 tob | H10: 120 | I10: akutní
A11: L10 | B11: Ibuprofen 400 mg | C11: ibuprofen | D11: M01AE01 | E11: Bolest | F11: tablety | G11: 30 tbl | H11: 65 | I11: akutní

Sheet Pacienti
A1: ID pacienta | B1: Pohlaví | C1: Rok narození | D1: Věk (2025) | E1: Kraj | F1: Ošetřující lékař | G1: Datum registrace
A2: P0001 | B2: M | C2: 1959 | D2: =2025-C2 -> 66 | E2: Středočeský | F2: MUDr. Nováková | G2: 45539
A3: P0002 | B3: M | C3: 1947 | D3: =2025-C3 -> 78 | E3: Olomoucký | F3: MUDr. Dvořák | G3: 45487
A4: P0003 | B4: Ž | C4: 1970 | D4: =2025-C4 -> 55 | E4: Praha | F4: MUDr. Černý | G4: 45569
A5: P0004 | B5: Ž | C5: 1947 | D5: =2025-C5 -> 78 | E5: Jihomoravský | F5: MUDr. Černý | G5: 45384
A6: P0005 | B6: Ž | C6: 1977 | D6: =2025-C6 -> 48 | E6: Středočeský | F6: MUDr. Procházková | G6: 45430
A7: P0006 | B7: Ž | C7: 1953 | D7: =2025-C7 -> 72 | E7: Jihomoravský | F7: MUDr. Dvořák | G7: 45558
A8: P0007 | B8: Ž | C8: 1947 | D8: =2025-C8 -> 78 | E8: Jihomoravský | F8: MUDr. Černý | G8: 45498
A9: P0008 | B9: M | C9: 1999 | D9: =2025-C9 -> 26 | E9: Jihomoravský | F9: MUDr. Černý | G9: 45408
A10: P0009 | B10: Ž | C10: 1971 | D10: =2025-C10 -> 54 | E10: Praha | F10: MUDr. Svobodová | G10: 45467
A11: P0010 | B11: M | C11: 1976 | D11: =2025-C11 -> 49 | E11: Jihomoravský | F11: MUDr. Nováková | G11: 45479
A12: P0011 | B12: M | C12: 1959 | D12: =2025-C12 -> 66 | E12: Olomoucký | F12: MUDr. Černý | G12: 45599
A13: P0012 | B13: M | C13: 1983 | D13: =2025-C13 -> 42 | E13: Moravskoslezský | F13: MUDr. Procházková | G13: 45507
... A61: P0060 | B61: Ž | C61: 1951 | D61: =2025-C61 -> 74 | E61: Moravskoslezský | F61: MUDr. Nováková | G61: 45385

Sheet Výdeje
A1: Měsíc | B1: ID pacienta | C1: ID léku | D1: Název léku | E1: Skupina | F1: Počet balení | G1: Cena za balení (Kč) | H1: Celkem (Kč)
A2: 45658 | B2: P0001 | C2: L01 | D2: =INDEX(Léky!$B$2:$B$11,MATCH(C2,Léky!$A$2:$A$11,0)) -> Metformin 500 mg | E2: =INDEX(Léky!$E$2:$E$11,MATCH(C2,Léky!$A$2:$A$11,0)) -> Diabetes | F2: 2 | G2: =INDEX(Léky!$H$2:$H$11,MATCH(C2,Léky!$A$2:$A$11,0)) -> 89 | H2: =F2*G2 -> 178
A3: 45658 | B3: P0003 | C3: L06 | D3: =INDEX(Léky!$B$2:$B$11,MATCH(C3,Léky!$A$2:$A$11,0)) -> Omeprazol 20 mg | E3: =INDEX(Léky!$E$2:$E$11,MATCH(C3,Léky!$A$2:$A$11,0)) -> Trávení | F3: 1 | G3: =INDEX(Léky!$H$2:$H$11,MATCH(C3,Léky!$A$2:$A$11,0)) -> 135 | H3: =F3*G3 -> 135
A4: 45658 | B4: P0003 | C4: L09 | D4: =INDEX(Léky!$B$2:$B$11,MATCH(C4,Léky!$A$2:$A$11,0)) -> Amoxicilin 500 mg | E4: =INDEX(Léky!$E$2:$E$11,MATCH(C4,Léky!$A$2:$A$11,0)) -> Antibiotika | F4: 1 | G4: =INDEX(Léky!$H$2:$H$11,MATCH(C4,Léky!$A$2:$A$11,0)) -> 120 | H4: =F4*G4 -> 120
A5: 45658 | B5: P0004 | C5: L04 | D5: =INDEX(Léky!$B$2:$B$11,MATCH(C5,Léky!$A$2:$A$11,0)) -> Ramipril 5 mg | E5: =INDEX(Léky!$E$2:$E$11,MATCH(C5,Léky!$A$2:$A$11,0)) -> Krevní tlak | F5: 1 | G5: =INDEX(Léky!$H$2:$H$11,MATCH(C5,Léky!$A$2:$A$11,0)) -> 98 | H5: =F5*G5 -> 98
A6: 45658 | B6: P0006 | C6: L03 | D6: =INDEX(Léky!$B$2:$B$11,MATCH(C6,Léky!$A$2:$A$11,0)) -> Amlodipin 5 mg | E6: =INDEX(Léky!$E$2:$E$11,MATCH(C6,Léky!$A$2:$A$11,0)) -> Krevní tlak | F6: 1 | G6: =INDEX(Léky!$H$2:$H$11,MATCH(C6,Léky!$A$2:$A$11,0)) -> 72 | H6: =F6*G6 -> 72
A7: 45658 | B7: P0007 | C7: L07 | D7: =INDEX(Léky!$B$2:$B$11,MATCH(C7,Léky!$A$2:$A$11,0)) -> Sertralin 50 mg | E7: =INDEX(Léky!$E$2:$E$11,MATCH(C7,Léky!$A$2:$A$11,0)) -> Psychiatrie | F7: 1 | G7: =INDEX(Léky!$H$2:$H$11,MATCH(C7,Léky!$A$2:$A$11,0)) -> 210 | H7: =F7*G7 -> 210
A8: 45658 | B8: P0007 | C8: L08 | D8: =INDEX(Léky!$B$2:$B$11,MATCH(C8,Léky!$A$2:$A$11,0)) -> Salbutamol inhalátor | E8: =INDEX(Léky!$E$2:$E$11,MATCH(C8,Léky!$A$2:$A$11,0)) -> Dýchací cesty | F8: 1 | G8: =INDEX(Léky!$H$2:$H$11,MATCH(C8,Léky!$A$2:$A$11,0)) -> 165 | H8: =F8*G8 -> 165
A9: 45658 | B9: P0008 | C9: L09 | D9: =INDEX(Léky!$B$2:$B$11,MATCH(C9,Léky!$A$2:$A$11,0)) -> Amoxicilin 500 mg | E9: =INDEX(Léky!$E$2:$E$11,MATCH(C9,Léky!$A$2:$A$11,0)) -> Antibiotika | F9: 1 | G9: =INDEX(Léky!$H$2:$H$11,MATCH(C9,Léky!$A$2:$A$11,0)) -> 120 | H9: =F9*G9 -> 120
A10: 45658 | B10: P0009 | C10: L09 | D10: =INDEX(Léky!$B$2:$B$11,MATCH(C10,Léky!$A$2:$A$11,0)) -> Amoxicilin 500 mg | E10: =INDEX(Léky!$E$2:$E$11,MATCH(C10,Léky!$A$2:$A$11,0)) -> Antibiotika | F10: 1 | G10: =INDEX(Léky!$H$2:$H$11,MATCH(C10,Léky!$A$2:$A$11,0)) -> 120 | H10: =F10*G10 -> 120
A11: 45658 | B11: P0011 | C11: L03 | D11: =INDEX(Léky!$B$2:$B$11,MATCH(C11,Léky!$A$2:$A$11,0)) -> Amlodipin 5 mg | E11: =INDEX(Léky!$E$2:$E$11,MATCH(C11,Léky!$A$2:$A$11,0)) -> Krevní tlak | F11: 1 | G11: =INDEX(Léky!$H$2:$H$11,MATCH(C11,Léky!$A$2:$A$11,0)) -> 72 | H11: =F11*G11 -> 72
A12: 45658 | B12: P0012 | C12: L07 | D12: =INDEX(Léky!$B$2:$B$11,MATCH(C12,Léky!$A$2:$A$11,0)) -> Sertralin 50 mg | E12: =INDEX(Léky!$E$2:$E$11,MATCH(C12,Léky!$A$2:$A$11,0)) -> Psychiatrie | F12: 1 | G12: =INDEX(Léky!$H$2:$H$11,MATCH(C12,Léky!$A$2:$A$11,0)) -> 210 | H12: =F12*G12 -> 210
A13: 45658 | B13: P0013 | C13: L07 | D13: =INDEX(Léky!$B$2:$B$11,MATCH(C13,Léky!$A$2:$A$11,0)) -> Sertralin 50 mg | E13: =INDEX(Léky!$E$2:$E$11,MATCH(C13,Léky!$A$2:$A$11,0)) -> Psychiatrie | F13: 1 | G13: =INDEX(Léky!$H$2:$H$11,MATCH(C13,Léky!$A$2:$A$11,0)) -> 210 | H13: =F13*G13 -> 210
... A841: 45992 | B841: P0060 | C841: L06 | D841: =INDEX(Léky!$B$2:$B$11,MATCH(C841,Léky!$A$2:$A$11,0)) -> Omeprazol 20 mg | E841: =INDEX(Léky!$E$2:$E$11,MATCH(C841,Léky!$A$2:$A$11,0)) -> Trávení | F841: 1 | G841: =INDEX(Léky!$H$2:$H$11,MATCH(C841,Léky!$A$2:$A$11,0)) -> 135 | H841: =F841*G841 -> 135
